"SNP","Chromosome","Position","Transcript","Gene","Consequence","AA_position","Ref_Codon","Var_Codon","Ref_AA","Var_AA"
"ML755980.1:222545_T/TTGTGTGTGTGTGTGTGTGTGTGTGTGTGTGTGTGTGTGTGTGTGTGTGTG","ML755980.1",222545,"806","BKA90DRAFT_133446","frameshift",1,"ATG","CACACACACACACACACACACACACACACACACACACACACACACACACAATG","",""
"ML755980.1:222545_T/TTGTGTGTGTGTGTGTGTGTGTGTGTGTGTGTGTGTGTGTGTGTGTGTGTG","ML755980.1",222545,"806","BKA90DRAFT_133446","frameshift",1,"ATG","CACACACACACACACACACACACACACACACACACACACACACACACACACACACACACACACACACAATG","",""
"ML755981.1:192924_T/TGGCCAGCAGGGTCAGGGACAGTAC","ML755981.1",192924,"880","BKA90DRAFT_33247","nonsynonymous",866,"GCT","GCTGGCCAGCAGGGTCAGGGACAGTAC","A","AGQQGQGQY"
"ML755984.1:386332_G/GTCAGGGTTAGTCAGGGTTAGTCAGGGTTAGTCAGGGTTAGTCAGGGTTAGTCAGGGTTAGTCAGGGTTAGTCA","ML755984.1",386332,"1421","BKA90DRAFT_134572","frameshift",280,"GGC","GTCAGGGTTAGTCAGGGTTAGTCAGGGTTAGTCAGGGTTAGTCAGGGTTAGTCAGGGTTAGTCAGGGTTAGTCAGC","",""
"ML755987.1:10778_A/ACATCAGCTGTAGTTGTAACAGAAGTAGCAGCTGAAGTAGATG","ML755987.1",10778,"1841","BKA90DRAFT_156218","nonsynonymous",252,"GTT","GCATCTACTTCAGCTGCTACTTCTGTTACAACTACAGCTGATGTT","V","ASTSAATSVTTTADV"
"ML755987.1:99826_G/A","ML755987.1",99826,"1790","BKA90DRAFT_109120","nonsynonymous",462,"GAC","AAC","D","N"
"ML755989.1:332845_C/CTCTTCTGCTCCTGCTCCCGCTCCCAAGCCCGAG","ML755989.1",332845,"2098","BKA90DRAFT_109853","nonsynonymous",629,"CCC","CCCTCTTCTGCTCCTGCTCCCGCTCCCAAGCCCGAG","P","PSSAPAPAPKPE"
"ML755989.1:332947_T/TTCTGCCCCTGCTCCTGCTCCCAAGCCCGAGGAG","ML755989.1",332947,"2098","BKA90DRAFT_109853","nonsynonymous",663,"ACT","ACTTCTGCCCCTGCTCCTGCTCCCAAGCCCGAGGAG","T","TSAPAPAPKPEE"
"ML755995.1:74703_A/AAATTACTAGACTACTG","ML755995.1",74703,"2750","BKA90DRAFT_156961","frameshift",181,"TAA","TAAATTACTAGACTACTGA","",""
"ML756000.1:189049_C/T","ML756000.1",189049,"3223","BKA90DRAFT_137339","synonymous",165,"GAC","GAT","D","D"
